<?xml version="1.0" encoding="UTF-8" standalone="yes"?>
<addon id="repository.HrtvRepo" name="[COLOR red]High Roller TV[/COLOR] Repo" version="1.0.5" provider-name="Gonzalez">
    <extension point="xbmc.addon.repository" name="High Roller TV">
        <info>https://raw.githubusercontent.com/tontixstwo/HRTV-REPO/master/Repositorio/addons.xml</info>
        <checksum>https://raw.githubusercontent.com/tontixstwo/HRTV-REPO/master/Repositorio/addons.xml.md5</checksum>
        <datadir zip="true">https://raw.githubusercontent.com/tontixstwo/master/Repositorio/</datadir>
    </extension>
    <extension point="xbmc.addon.metadata">
        <summary>High Roller TV Repo</summary>
        <description></description>
        <disclaimer></disclaimer>
        <platform>all</platform>
    </extension>
</addon>
